<?xml version="1.0" encoding="UTF-8"?>
<project-private xmlns="http://www.netbeans.org/ns/project-private/1">
    <editor-bookmarks xmlns="http://www.netbeans.org/ns/editor-bookmarks/2" lastBookmarkId="0"/>
    <open-files xmlns="http://www.netbeans.org/ns/projectui-open-files/2">
        <group>
            <file>file:/C:/Users/03700894139/Documents/NetBeansProjects/AvailacaoLivro/src/availacaolivro/Livro.java</file>
            <file>file:/C:/Users/03700894139/Documents/NetBeansProjects/AvailacaoLivro/src/availacaolivro/DAOLivro.java</file>
            <file>file:/C:/Users/03700894139/Documents/NetBeansProjects/AvailacaoLivro/src/availacaolivro/ConectaBD.java</file>
            <file>file:/C:/Users/03700894139/Documents/NetBeansProjects/AvailacaoLivro/src/availacaolivro/ControllerLivro.java</file>
            <file>file:/C:/Users/03700894139/Documents/NetBeansProjects/AvailacaoLivro/src/availacaolivro/DAO.java</file>
            <file>file:/C:/Users/03700894139/Documents/NetBeansProjects/AvailacaoLivro/src/availacaolivro/CadastroLivro.java</file>
        </group>
    </open-files>
</project-private>
