<?xml version="1.0" encoding="UTF-8"?>
<project-private xmlns="http://www.netbeans.org/ns/project-private/1">
    <editor-bookmarks xmlns="http://www.netbeans.org/ns/editor-bookmarks/2" lastBookmarkId="0"/>
    <open-files xmlns="http://www.netbeans.org/ns/projectui-open-files/2">
        <group>
            <file>file:/C:/Users/ricardo.amaral/Documents/NetBeansProjects/Livraria/src/Model/DAOLivro.java</file>
            <file>file:/C:/Users/ricardo.amaral/Documents/NetBeansProjects/Livraria/src/Model/ConectaBD.java</file>
            <file>file:/C:/Users/ricardo.amaral/Documents/NetBeansProjects/Livraria/src/Controller/DiversosMetodos.java</file>
            <file>file:/C:/Users/ricardo.amaral/Documents/NetBeansProjects/Livraria/src/Controller/ControllerLivro.java</file>
            <file>file:/C:/Users/ricardo.amaral/Documents/NetBeansProjects/Livraria/src/View/CadastroLivro.java</file>
            <file>file:/C:/Users/ricardo.amaral/Documents/NetBeansProjects/Livraria/src/Model/Livro.java</file>
        </group>
    </open-files>
</project-private>
